ProductID,ProductName,Category,SubCategory,Price,Cost,Brand
1,Clothing_Product_1,Clothing,Clothing_C,43319,15638,Amazon
2,Beauty_Product_2,Beauty,Beauty_B,5303,19750,Boat
3,Electronics_Product_3,Electronics,Electronics_A,35970,9163,Boat
4,Books_Product_4,Books,Books_C,13707,1652,Reliance
5,Clothing_Product_5,Clothing,Clothing_A,42913,11486,Tata
6,Clothing_Product_6,Clothing,Clothing_A,43812,18992,Nike
7,Sports_Product_7,Sports,Sports_B,21799,2923,Tata
8,Electronics_Product_8,Electronics,Electronics_B,11781,5336,Puma
9,Home_Product_9,Home,Home_C,43414,22709,Puma
10,Sports_Product_10,Sports,Sports_C,36942,5863,Amazon
11,Books_Product_11,Books,Books_C,23705,1224,Tata
12,Grocery_Product_12,Grocery,Grocery_B,21256,12127,Amazon
13,Grocery_Product_13,Grocery,Grocery_A,49805,14052,Nike
14,Sports_Product_14,Sports,Sports_A,19291,15477,Reliance
15,Electronics_Product_15,Electronics,Electronics_C,18084,10837,Boat
16,Beauty_Product_16,Beauty,Beauty_C,13852,22850,Reliance
17,Sports_Product_17,Sports,Sports_A,7263,18772,Puma
18,Books_Product_18,Books,Books_C,5845,15898,Puma
19,Books_Product_19,Books,Books_C,46421,9460,Amazon
20,Sports_Product_20,Sports,Sports_B,17117,17266,Boat
21,Sports_Product_21,Sports,Sports_B,8600,20179,Boat
22,Beauty_Product_22,Beauty,Beauty_C,47887,20754,Amazon
23,Beauty_Product_23,Beauty,Beauty_A,40038,7675,Puma
24,Home_Product_24,Home,Home_A,203,3923,Tata
25,Beauty_Product_25,Beauty,Beauty_C,7828,24215,Nike
26,Clothing_Product_26,Clothing,Clothing_C,27273,13617,Tata
27,Home_Product_27,Home,Home_B,36827,26462,Puma
28,Clothing_Product_28,Clothing,Clothing_A,42083,6642,Puma
29,Home_Product_29,Home,Home_B,4545,10135,Flipkart
30,Sports_Product_30,Sports,Sports_C,21328,25184,Tata
31,Electronics_Product_31,Electronics,Electronics_C,21942,11235,Amazon
32,Books_Product_32,Books,Books_C,40469,1004,Nike
33,Clothing_Product_33,Clothing,Clothing_A,21760,27372,Flipkart
34,Books_Product_34,Books,Books_B,31196,26174,Tata
35,Books_Product_35,Books,Books_A,31655,5141,Puma
36,Beauty_Product_36,Beauty,Beauty_C,22061,15204,Nike
37,Grocery_Product_37,Grocery,Grocery_B,48766,1885,Nike
38,Sports_Product_38,Sports,Sports_B,37124,23805,Puma
39,Home_Product_39,Home,Home_C,35219,663,Reliance
40,Sports_Product_40,Sports,Sports_C,21839,26249,Nike
41,Home_Product_41,Home,Home_A,9884,9240,Nike
42,Electronics_Product_42,Electronics,Electronics_B,24691,20579,Boat
43,Grocery_Product_43,Grocery,Grocery_A,37519,19897,Amazon
44,Clothing_Product_44,Clothing,Clothing_C,7757,28381,Nike
45,Grocery_Product_45,Grocery,Grocery_B,46320,28159,Flipkart
46,Books_Product_46,Books,Books_A,17892,13611,Tata
47,Beauty_Product_47,Beauty,Beauty_A,24452,14858,Nike
48,Home_Product_48,Home,Home_A,34512,9956,Reliance
49,Electronics_Product_49,Electronics,Electronics_B,2550,25536,Reliance
50,Electronics_Product_50,Electronics,Electronics_B,33260,867,Nike
51,Beauty_Product_51,Beauty,Beauty_C,10197,6282,Flipkart
52,Beauty_Product_52,Beauty,Beauty_C,34416,10219,Nike
53,Home_Product_53,Home,Home_A,6539,26989,Boat
54,Books_Product_54,Books,Books_A,13547,23792,Tata
55,Beauty_Product_55,Beauty,Beauty_B,46871,28388,Boat
56,Electronics_Product_56,Electronics,Electronics_A,20480,1492,Puma
57,Grocery_Product_57,Grocery,Grocery_C,5806,10971,Amazon
58,Electronics_Product_58,Electronics,Electronics_A,34216,25156,Puma
59,Books_Product_59,Books,Books_B,1573,18975,Nike
60,Home_Product_60,Home,Home_C,13852,10564,Reliance
61,Clothing_Product_61,Clothing,Clothing_B,18230,17491,Flipkart
62,Grocery_Product_62,Grocery,Grocery_B,44082,3905,Flipkart
63,Clothing_Product_63,Clothing,Clothing_A,18033,3800,Tata
64,Sports_Product_64,Sports,Sports_C,33789,3404,Reliance
65,Sports_Product_65,Sports,Sports_B,36103,10486,Flipkart
66,Clothing_Product_66,Clothing,Clothing_C,18664,18861,Reliance
67,Clothing_Product_67,Clothing,Clothing_A,20506,20145,Flipkart
68,Sports_Product_68,Sports,Sports_B,3424,4312,Tata
69,Beauty_Product_69,Beauty,Beauty_C,3406,3521,Amazon
70,Electronics_Product_70,Electronics,Electronics_A,28048,12892,Reliance
71,Books_Product_71,Books,Books_C,38946,20676,Nike
72,Books_Product_72,Books,Books_C,29318,20245,Flipkart
73,Home_Product_73,Home,Home_B,13085,23410,Nike
74,Books_Product_74,Books,Books_C,5247,24814,Nike
75,Beauty_Product_75,Beauty,Beauty_C,8737,3094,Nike
76,Grocery_Product_76,Grocery,Grocery_C,30788,3237,Amazon
77,Home_Product_77,Home,Home_C,42332,23322,Nike
78,Beauty_Product_78,Beauty,Beauty_B,15284,7383,Reliance
79,Grocery_Product_79,Grocery,Grocery_C,17011,29962,Flipkart
80,Beauty_Product_80,Beauty,Beauty_A,45949,21846,Flipkart
81,Grocery_Product_81,Grocery,Grocery_B,29806,16024,Tata
82,Electronics_Product_82,Electronics,Electronics_B,7498,11566,Amazon
83,Beauty_Product_83,Beauty,Beauty_A,18598,25213,Flipkart
84,Sports_Product_84,Sports,Sports_C,8448,16694,Tata
85,Beauty_Product_85,Beauty,Beauty_C,7111,10728,Boat
86,Books_Product_86,Books,Books_A,19899,17507,Amazon
87,Beauty_Product_87,Beauty,Beauty_C,27195,7867,Boat
88,Clothing_Product_88,Clothing,Clothing_C,10521,15856,Amazon
89,Electronics_Product_89,Electronics,Electronics_B,13747,26720,Puma
90,Sports_Product_90,Sports,Sports_B,28631,18636,Nike
91,Home_Product_91,Home,Home_C,45590,7788,Reliance
92,Books_Product_92,Books,Books_C,5204,24277,Puma
93,Sports_Product_93,Sports,Sports_B,7592,19454,Boat
94,Beauty_Product_94,Beauty,Beauty_B,36478,3249,Nike
95,Beauty_Product_95,Beauty,Beauty_A,20287,13347,Tata
96,Sports_Product_96,Sports,Sports_A,45025,26725,Boat
97,Grocery_Product_97,Grocery,Grocery_B,21557,16247,Puma
98,Books_Product_98,Books,Books_A,6033,7180,Nike
99,Clothing_Product_99,Clothing,Clothing_C,49578,20894,Nike
100,Electronics_Product_100,Electronics,Electronics_A,43411,4939,Amazon
101,Sports_Product_101,Sports,Sports_B,25657,20221,Boat
102,Beauty_Product_102,Beauty,Beauty_A,13578,22381,Flipkart
103,Home_Product_103,Home,Home_C,44635,10029,Amazon
104,Books_Product_104,Books,Books_B,5951,19144,Tata
105,Sports_Product_105,Sports,Sports_C,26589,27825,Reliance
106,Grocery_Product_106,Grocery,Grocery_B,4190,12148,Boat
107,Electronics_Product_107,Electronics,Electronics_A,46195,18401,Nike
108,Home_Product_108,Home,Home_A,18594,28416,Tata
109,Clothing_Product_109,Clothing,Clothing_B,46120,19388,Amazon
110,Books_Product_110,Books,Books_B,46746,12593,Amazon
111,Beauty_Product_111,Beauty,Beauty_B,35824,6971,Puma
112,Clothing_Product_112,Clothing,Clothing_B,9214,6217,Boat
113,Beauty_Product_113,Beauty,Beauty_B,27443,5105,Flipkart
114,Grocery_Product_114,Grocery,Grocery_C,8327,4450,Tata
115,Electronics_Product_115,Electronics,Electronics_C,1129,4768,Puma
116,Beauty_Product_116,Beauty,Beauty_C,28721,4499,Tata
117,Clothing_Product_117,Clothing,Clothing_C,27353,28235,Amazon
118,Grocery_Product_118,Grocery,Grocery_C,39711,13999,Boat
119,Clothing_Product_119,Clothing,Clothing_B,33485,13947,Boat
120,Grocery_Product_120,Grocery,Grocery_B,25312,11692,Reliance
121,Clothing_Product_121,Clothing,Clothing_B,39721,293,Boat
122,Beauty_Product_122,Beauty,Beauty_C,15615,23385,Boat
123,Home_Product_123,Home,Home_B,35893,18935,Flipkart
124,Electronics_Product_124,Electronics,Electronics_A,37334,15885,Puma
125,Home_Product_125,Home,Home_A,38128,15828,Puma
126,Electronics_Product_126,Electronics,Electronics_A,47953,24013,Boat
127,Grocery_Product_127,Grocery,Grocery_B,30570,16989,Tata
128,Sports_Product_128,Sports,Sports_C,5896,8085,Amazon
129,Books_Product_129,Books,Books_C,43598,21962,Tata
130,Books_Product_130,Books,Books_C,35436,26202,Boat
131,Home_Product_131,Home,Home_C,3558,29658,Flipkart
132,Sports_Product_132,Sports,Sports_A,30827,14927,Boat
133,Beauty_Product_133,Beauty,Beauty_C,48191,10913,Amazon
134,Home_Product_134,Home,Home_B,19053,5538,Tata
135,Books_Product_135,Books,Books_C,49214,10013,Puma
136,Grocery_Product_136,Grocery,Grocery_C,17168,2062,Puma
137,Beauty_Product_137,Beauty,Beauty_C,11180,18821,Tata
138,Books_Product_138,Books,Books_B,48424,20507,Tata
139,Home_Product_139,Home,Home_B,5507,4205,Boat
140,Electronics_Product_140,Electronics,Electronics_B,16618,4393,Boat
141,Home_Product_141,Home,Home_B,16939,515,Puma
142,Electronics_Product_142,Electronics,Electronics_C,11543,29873,Boat
143,Books_Product_143,Books,Books_A,43298,14685,Flipkart
144,Grocery_Product_144,Grocery,Grocery_A,17221,25691,Puma
145,Clothing_Product_145,Clothing,Clothing_B,11949,26243,Boat
146,Grocery_Product_146,Grocery,Grocery_A,22568,2815,Reliance
147,Sports_Product_147,Sports,Sports_A,32602,24716,Amazon
148,Grocery_Product_148,Grocery,Grocery_B,15694,21698,Amazon
149,Books_Product_149,Books,Books_C,11063,6959,Boat
150,Books_Product_150,Books,Books_B,3660,21095,Flipkart
151,Grocery_Product_151,Grocery,Grocery_A,3542,5541,Amazon
152,Beauty_Product_152,Beauty,Beauty_B,19850,15656,Puma
153,Grocery_Product_153,Grocery,Grocery_C,15413,12495,Puma
154,Books_Product_154,Books,Books_B,31202,8655,Reliance
155,Sports_Product_155,Sports,Sports_B,877,9513,Nike
156,Beauty_Product_156,Beauty,Beauty_B,44565,10394,Boat
157,Books_Product_157,Books,Books_A,6480,17459,Puma
158,Home_Product_158,Home,Home_B,40108,21416,Nike
159,Home_Product_159,Home,Home_B,17816,8801,Nike
160,Electronics_Product_160,Electronics,Electronics_B,42983,19192,Amazon
161,Beauty_Product_161,Beauty,Beauty_C,49192,7973,Puma
162,Books_Product_162,Books,Books_C,12874,17087,Flipkart
163,Books_Product_163,Books,Books_C,11891,10315,Boat
164,Electronics_Product_164,Electronics,Electronics_C,655,27302,Tata
165,Electronics_Product_165,Electronics,Electronics_B,6502,17261,Tata
166,Books_Product_166,Books,Books_B,23136,7239,Puma
167,Home_Product_167,Home,Home_B,12753,1165,Tata
168,Sports_Product_168,Sports,Sports_A,3827,19518,Puma
169,Grocery_Product_169,Grocery,Grocery_A,39381,20958,Tata
170,Books_Product_170,Books,Books_A,5761,28113,Boat
171,Clothing_Product_171,Clothing,Clothing_B,43117,25080,Puma
172,Sports_Product_172,Sports,Sports_A,7364,22845,Reliance
173,Home_Product_173,Home,Home_B,30702,21692,Tata
174,Books_Product_174,Books,Books_B,18213,25260,Amazon
175,Books_Product_175,Books,Books_C,21294,8482,Reliance
176,Grocery_Product_176,Grocery,Grocery_A,18272,25514,Tata
177,Beauty_Product_177,Beauty,Beauty_B,21900,2018,Flipkart
178,Grocery_Product_178,Grocery,Grocery_B,11760,14486,Tata
179,Beauty_Product_179,Beauty,Beauty_A,40096,12915,Reliance
180,Books_Product_180,Books,Books_B,7206,4764,Boat
181,Grocery_Product_181,Grocery,Grocery_B,14412,20168,Puma
182,Electronics_Product_182,Electronics,Electronics_B,46984,8536,Tata
183,Electronics_Product_183,Electronics,Electronics_A,4714,18771,Puma
184,Home_Product_184,Home,Home_B,1329,29426,Amazon
185,Clothing_Product_185,Clothing,Clothing_C,42065,78,Tata
186,Books_Product_186,Books,Books_B,17561,5017,Puma
187,Home_Product_187,Home,Home_B,37759,171,Boat
188,Books_Product_188,Books,Books_B,31435,14338,Amazon
189,Grocery_Product_189,Grocery,Grocery_C,4694,17748,Reliance
190,Electronics_Product_190,Electronics,Electronics_B,45271,26853,Nike
191,Beauty_Product_191,Beauty,Beauty_A,37274,17590,Flipkart
192,Home_Product_192,Home,Home_C,19946,13177,Tata
193,Books_Product_193,Books,Books_C,6041,12021,Boat
194,Grocery_Product_194,Grocery,Grocery_B,5372,27613,Amazon
195,Grocery_Product_195,Grocery,Grocery_B,42553,6705,Reliance
196,Sports_Product_196,Sports,Sports_A,25276,21700,Reliance
197,Home_Product_197,Home,Home_C,25665,29425,Tata
198,Books_Product_198,Books,Books_C,23644,15991,Tata
199,Books_Product_199,Books,Books_B,48290,6258,Reliance
200,Electronics_Product_200,Electronics,Electronics_A,1762,23634,Boat
201,Clothing_Product_201,Clothing,Clothing_B,25578,2114,Nike
202,Sports_Product_202,Sports,Sports_C,20267,16423,Boat
203,Grocery_Product_203,Grocery,Grocery_B,1175,1263,Flipkart
204,Electronics_Product_204,Electronics,Electronics_B,47352,1452,Amazon
205,Electronics_Product_205,Electronics,Electronics_A,42950,21916,Boat
206,Beauty_Product_206,Beauty,Beauty_C,35264,4930,Puma
207,Sports_Product_207,Sports,Sports_A,4820,1258,Puma
208,Clothing_Product_208,Clothing,Clothing_B,42949,674,Amazon
209,Sports_Product_209,Sports,Sports_A,16004,23030,Puma
210,Clothing_Product_210,Clothing,Clothing_A,11388,20781,Tata
211,Home_Product_211,Home,Home_A,29996,20078,Reliance
212,Grocery_Product_212,Grocery,Grocery_C,4291,26847,Nike
213,Electronics_Product_213,Electronics,Electronics_A,32680,19546,Nike
214,Sports_Product_214,Sports,Sports_A,4235,26410,Reliance
215,Beauty_Product_215,Beauty,Beauty_B,48460,22279,Amazon
216,Home_Product_216,Home,Home_A,44932,18923,Boat
217,Clothing_Product_217,Clothing,Clothing_B,14074,25092,Tata
218,Sports_Product_218,Sports,Sports_A,22087,2121,Tata
219,Home_Product_219,Home,Home_A,49746,13653,Reliance
220,Books_Product_220,Books,Books_B,36368,5456,Amazon
221,Clothing_Product_221,Clothing,Clothing_C,2767,4420,Tata
222,Grocery_Product_222,Grocery,Grocery_C,40236,12375,Nike
223,Clothing_Product_223,Clothing,Clothing_A,32013,2695,Tata
224,Electronics_Product_224,Electronics,Electronics_A,5941,23208,Puma
225,Sports_Product_225,Sports,Sports_B,27377,22774,Nike
226,Grocery_Product_226,Grocery,Grocery_B,45474,4208,Reliance
227,Clothing_Product_227,Clothing,Clothing_C,17856,17190,Amazon
228,Beauty_Product_228,Beauty,Beauty_A,11539,20056,Puma
229,Electronics_Product_229,Electronics,Electronics_C,11896,23551,Amazon
230,Sports_Product_230,Sports,Sports_A,41203,27132,Nike
231,Home_Product_231,Home,Home_B,27545,199,Boat
232,Clothing_Product_232,Clothing,Clothing_A,7800,17423,Tata
233,Sports_Product_233,Sports,Sports_B,49981,17735,Boat
234,Clothing_Product_234,Clothing,Clothing_B,41155,21654,Reliance
235,Home_Product_235,Home,Home_A,12795,3742,Nike
236,Clothing_Product_236,Clothing,Clothing_C,31191,16352,Reliance
237,Clothing_Product_237,Clothing,Clothing_C,2925,1820,Puma
238,Home_Product_238,Home,Home_B,13835,14293,Flipkart
239,Home_Product_239,Home,Home_C,49803,14898,Tata
240,Electronics_Product_240,Electronics,Electronics_C,3537,17658,Reliance
241,Clothing_Product_241,Clothing,Clothing_A,31888,16922,Tata
242,Electronics_Product_242,Electronics,Electronics_A,47377,14625,Boat
243,Sports_Product_243,Sports,Sports_B,27563,6562,Puma
244,Books_Product_244,Books,Books_B,15177,25575,Tata
245,Home_Product_245,Home,Home_A,6526,7819,Puma
246,Beauty_Product_246,Beauty,Beauty_A,24710,29258,Reliance
247,Electronics_Product_247,Electronics,Electronics_B,38444,15923,Tata
248,Beauty_Product_248,Beauty,Beauty_A,14266,20019,Amazon
249,Clothing_Product_249,Clothing,Clothing_B,24576,4519,Amazon
250,Books_Product_250,Books,Books_A,41520,11800,Flipkart
251,Clothing_Product_251,Clothing,Clothing_B,8436,1101,Puma
252,Sports_Product_252,Sports,Sports_A,18489,4522,Tata
253,Grocery_Product_253,Grocery,Grocery_B,30153,13754,Reliance
254,Grocery_Product_254,Grocery,Grocery_B,14508,29095,Flipkart
255,Sports_Product_255,Sports,Sports_A,41911,20088,Reliance
256,Sports_Product_256,Sports,Sports_C,15153,2883,Amazon
257,Grocery_Product_257,Grocery,Grocery_C,32161,28302,Reliance
258,Sports_Product_258,Sports,Sports_B,30427,9197,Tata
259,Books_Product_259,Books,Books_B,48346,28643,Reliance
260,Clothing_Product_260,Clothing,Clothing_B,28558,19037,Reliance
261,Sports_Product_261,Sports,Sports_A,37698,29483,Tata
262,Beauty_Product_262,Beauty,Beauty_A,2725,15472,Puma
263,Grocery_Product_263,Grocery,Grocery_C,2303,13999,Boat
264,Beauty_Product_264,Beauty,Beauty_B,45755,26962,Tata
265,Beauty_Product_265,Beauty,Beauty_B,15862,2772,Boat
266,Grocery_Product_266,Grocery,Grocery_A,45526,24029,Amazon
267,Clothing_Product_267,Clothing,Clothing_A,23588,9742,Reliance
268,Books_Product_268,Books,Books_A,1143,15771,Puma
269,Home_Product_269,Home,Home_A,46191,15099,Nike
270,Sports_Product_270,Sports,Sports_C,38350,849,Amazon
271,Beauty_Product_271,Beauty,Beauty_A,46180,13332,Reliance
272,Grocery_Product_272,Grocery,Grocery_B,41178,15264,Puma
273,Books_Product_273,Books,Books_A,41211,2366,Amazon
274,Books_Product_274,Books,Books_B,34894,1121,Flipkart
275,Beauty_Product_275,Beauty,Beauty_B,45847,20120,Boat
276,Sports_Product_276,Sports,Sports_A,44970,2702,Boat
277,Home_Product_277,Home,Home_C,3692,16916,Puma
278,Home_Product_278,Home,Home_A,7372,12598,Flipkart
279,Beauty_Product_279,Beauty,Beauty_C,2778,12029,Flipkart
280,Clothing_Product_280,Clothing,Clothing_C,36720,23147,Tata
281,Sports_Product_281,Sports,Sports_C,13516,4585,Flipkart
282,Clothing_Product_282,Clothing,Clothing_C,7542,21317,Amazon
283,Books_Product_283,Books,Books_C,46161,6924,Nike
284,Books_Product_284,Books,Books_A,21101,11607,Flipkart
285,Sports_Product_285,Sports,Sports_C,27817,9131,Tata
286,Electronics_Product_286,Electronics,Electronics_B,22724,14874,Amazon
287,Sports_Product_287,Sports,Sports_C,8141,15456,Puma
288,Sports_Product_288,Sports,Sports_C,35021,29523,Flipkart
289,Beauty_Product_289,Beauty,Beauty_C,24226,26261,Puma
290,Books_Product_290,Books,Books_A,12443,29275,Amazon
291,Electronics_Product_291,Electronics,Electronics_A,25703,29473,Reliance
292,Home_Product_292,Home,Home_A,7267,5449,Flipkart
293,Electronics_Product_293,Electronics,Electronics_C,9796,16313,Reliance
294,Grocery_Product_294,Grocery,Grocery_A,34223,20604,Tata
295,Home_Product_295,Home,Home_B,44821,17791,Reliance
296,Beauty_Product_296,Beauty,Beauty_B,27633,14594,Puma
297,Books_Product_297,Books,Books_A,19204,6245,Tata
298,Electronics_Product_298,Electronics,Electronics_A,34153,21174,Flipkart
299,Beauty_Product_299,Beauty,Beauty_C,22565,21537,Puma
300,Grocery_Product_300,Grocery,Grocery_B,31960,19493,Puma
301,Books_Product_301,Books,Books_C,36044,14640,Amazon
302,Home_Product_302,Home,Home_C,8747,29484,Nike
303,Home_Product_303,Home,Home_A,17139,7481,Amazon
304,Home_Product_304,Home,Home_B,3201,4910,Flipkart
305,Home_Product_305,Home,Home_B,11002,20321,Reliance
306,Books_Product_306,Books,Books_C,18793,6022,Reliance
307,Grocery_Product_307,Grocery,Grocery_C,45507,29695,Puma
308,Grocery_Product_308,Grocery,Grocery_A,10667,7845,Tata
309,Electronics_Product_309,Electronics,Electronics_B,37752,4194,Amazon
310,Home_Product_310,Home,Home_B,12191,6772,Boat
311,Books_Product_311,Books,Books_A,43717,10435,Flipkart
312,Clothing_Product_312,Clothing,Clothing_B,29488,17740,Reliance
313,Sports_Product_313,Sports,Sports_B,8061,866,Amazon
314,Beauty_Product_314,Beauty,Beauty_A,30118,10542,Reliance
315,Electronics_Product_315,Electronics,Electronics_C,35892,16676,Flipkart
316,Books_Product_316,Books,Books_C,19469,15579,Flipkart
317,Grocery_Product_317,Grocery,Grocery_C,43805,4869,Nike
318,Sports_Product_318,Sports,Sports_C,29073,11148,Puma
319,Electronics_Product_319,Electronics,Electronics_C,31490,29546,Tata
320,Clothing_Product_320,Clothing,Clothing_C,36207,3879,Flipkart
321,Electronics_Product_321,Electronics,Electronics_B,40569,27603,Reliance
322,Beauty_Product_322,Beauty,Beauty_B,6160,10744,Tata
323,Sports_Product_323,Sports,Sports_C,12889,19167,Boat
324,Clothing_Product_324,Clothing,Clothing_B,12926,788,Tata
325,Sports_Product_325,Sports,Sports_B,44472,22055,Tata
326,Sports_Product_326,Sports,Sports_B,12843,16121,Flipkart
327,Sports_Product_327,Sports,Sports_C,33625,1886,Puma
328,Home_Product_328,Home,Home_B,9795,23510,Nike
329,Beauty_Product_329,Beauty,Beauty_B,25404,12266,Tata
330,Home_Product_330,Home,Home_B,23126,10145,Amazon
331,Grocery_Product_331,Grocery,Grocery_C,5840,7117,Puma
332,Beauty_Product_332,Beauty,Beauty_C,27337,26385,Amazon
333,Home_Product_333,Home,Home_A,47810,29466,Amazon
334,Books_Product_334,Books,Books_B,9246,27428,Boat
335,Sports_Product_335,Sports,Sports_A,9513,6858,Flipkart
336,Beauty_Product_336,Beauty,Beauty_C,22081,2216,Boat
337,Grocery_Product_337,Grocery,Grocery_B,5896,266,Amazon
338,Books_Product_338,Books,Books_B,27265,5780,Boat
339,Beauty_Product_339,Beauty,Beauty_C,37318,24797,Reliance
340,Clothing_Product_340,Clothing,Clothing_A,25119,9535,Boat
341,Beauty_Product_341,Beauty,Beauty_A,19891,27397,Boat
342,Home_Product_342,Home,Home_B,36753,24293,Amazon
343,Clothing_Product_343,Clothing,Clothing_A,260,5097,Flipkart
344,Home_Product_344,Home,Home_C,41817,15534,Tata
345,Books_Product_345,Books,Books_C,18953,13719,Reliance
346,Beauty_Product_346,Beauty,Beauty_C,42356,8069,Tata
347,Electronics_Product_347,Electronics,Electronics_B,32412,2236,Boat
348,Books_Product_348,Books,Books_B,38180,15794,Boat
349,Beauty_Product_349,Beauty,Beauty_B,41256,22525,Amazon
350,Books_Product_350,Books,Books_A,24558,16844,Puma
351,Sports_Product_351,Sports,Sports_A,17109,5386,Boat
352,Electronics_Product_352,Electronics,Electronics_A,21050,15157,Puma
353,Clothing_Product_353,Clothing,Clothing_B,10802,1783,Flipkart
354,Home_Product_354,Home,Home_B,41797,29937,Flipkart
355,Electronics_Product_355,Electronics,Electronics_B,19214,17404,Puma
356,Electronics_Product_356,Electronics,Electronics_C,12801,25164,Puma
357,Clothing_Product_357,Clothing,Clothing_A,39340,24712,Reliance
358,Sports_Product_358,Sports,Sports_B,20823,27143,Nike
359,Books_Product_359,Books,Books_B,17890,22510,Puma
360,Books_Product_360,Books,Books_B,6380,17561,Boat
361,Home_Product_361,Home,Home_A,945,4537,Boat
362,Home_Product_362,Home,Home_B,31878,13550,Flipkart
363,Clothing_Product_363,Clothing,Clothing_A,14378,5114,Boat
364,Clothing_Product_364,Clothing,Clothing_A,36712,20150,Puma
365,Grocery_Product_365,Grocery,Grocery_C,34971,23398,Boat
366,Books_Product_366,Books,Books_A,27451,15139,Tata
367,Electronics_Product_367,Electronics,Electronics_A,1238,15762,Flipkart
368,Home_Product_368,Home,Home_C,23861,4605,Nike
369,Beauty_Product_369,Beauty,Beauty_C,34383,25071,Flipkart
370,Clothing_Product_370,Clothing,Clothing_C,20067,992,Puma
371,Grocery_Product_371,Grocery,Grocery_A,14672,4267,Nike
372,Books_Product_372,Books,Books_A,45191,7474,Flipkart
373,Clothing_Product_373,Clothing,Clothing_A,8633,2625,Amazon
374,Books_Product_374,Books,Books_A,5194,666,Nike
375,Beauty_Product_375,Beauty,Beauty_B,2886,6484,Tata
376,Electronics_Product_376,Electronics,Electronics_C,33751,19487,Tata
377,Beauty_Product_377,Beauty,Beauty_A,16681,1468,Tata
378,Home_Product_378,Home,Home_C,773,24775,Tata
379,Grocery_Product_379,Grocery,Grocery_A,39539,6780,Boat
380,Clothing_Product_380,Clothing,Clothing_A,44048,11569,Tata
381,Electronics_Product_381,Electronics,Electronics_A,49002,9139,Boat
382,Home_Product_382,Home,Home_B,10622,28071,Boat
383,Grocery_Product_383,Grocery,Grocery_C,40270,7974,Boat
384,Sports_Product_384,Sports,Sports_A,6594,26906,Boat
385,Grocery_Product_385,Grocery,Grocery_A,34757,7160,Puma
386,Clothing_Product_386,Clothing,Clothing_B,11357,29595,Nike
387,Sports_Product_387,Sports,Sports_A,47636,3283,Reliance
388,Sports_Product_388,Sports,Sports_C,31210,12058,Puma
389,Sports_Product_389,Sports,Sports_A,28913,22120,Tata
390,Clothing_Product_390,Clothing,Clothing_B,24978,13946,Reliance
391,Sports_Product_391,Sports,Sports_A,26811,3747,Nike
392,Home_Product_392,Home,Home_A,30633,3664,Boat
393,Clothing_Product_393,Clothing,Clothing_B,23774,23142,Flipkart
394,Sports_Product_394,Sports,Sports_C,2761,2745,Flipkart
395,Beauty_Product_395,Beauty,Beauty_A,25317,9343,Amazon
396,Sports_Product_396,Sports,Sports_C,20547,22563,Nike
397,Beauty_Product_397,Beauty,Beauty_A,36401,13395,Flipkart
398,Grocery_Product_398,Grocery,Grocery_B,12472,28124,Tata
399,Grocery_Product_399,Grocery,Grocery_B,44607,12090,Reliance
400,Electronics_Product_400,Electronics,Electronics_C,32320,22073,Tata
401,Beauty_Product_401,Beauty,Beauty_B,34353,21629,Puma
402,Electronics_Product_402,Electronics,Electronics_A,9495,12987,Amazon
403,Books_Product_403,Books,Books_C,6766,24345,Reliance
404,Electronics_Product_404,Electronics,Electronics_B,13147,11146,Reliance
405,Sports_Product_405,Sports,Sports_B,8145,7680,Nike
406,Beauty_Product_406,Beauty,Beauty_C,32809,9176,Nike
407,Books_Product_407,Books,Books_C,39005,8994,Nike
408,Grocery_Product_408,Grocery,Grocery_C,26329,11718,Amazon
409,Books_Product_409,Books,Books_C,26605,15927,Boat
410,Home_Product_410,Home,Home_A,29894,3590,Tata
411,Home_Product_411,Home,Home_B,32689,7613,Puma
412,Clothing_Product_412,Clothing,Clothing_A,6627,24226,Tata
413,Grocery_Product_413,Grocery,Grocery_A,32745,22270,Tata
414,Clothing_Product_414,Clothing,Clothing_B,39722,22306,Flipkart
415,Clothing_Product_415,Clothing,Clothing_B,40861,20472,Tata
416,Grocery_Product_416,Grocery,Grocery_A,43424,24678,Boat
417,Grocery_Product_417,Grocery,Grocery_B,30641,6666,Flipkart
418,Books_Product_418,Books,Books_B,32229,16591,Flipkart
419,Sports_Product_419,Sports,Sports_B,35524,17961,Tata
420,Grocery_Product_420,Grocery,Grocery_A,28307,28889,Tata
421,Beauty_Product_421,Beauty,Beauty_B,20714,27996,Amazon
422,Beauty_Product_422,Beauty,Beauty_B,2458,1126,Reliance
423,Sports_Product_423,Sports,Sports_C,19960,29039,Puma
424,Clothing_Product_424,Clothing,Clothing_B,28325,4456,Flipkart
425,Books_Product_425,Books,Books_B,32045,25085,Tata
426,Sports_Product_426,Sports,Sports_C,32248,21679,Boat
427,Books_Product_427,Books,Books_C,37600,15445,Amazon
428,Sports_Product_428,Sports,Sports_A,33306,1876,Amazon
429,Home_Product_429,Home,Home_B,38834,12429,Boat
430,Books_Product_430,Books,Books_B,18740,10551,Tata
431,Electronics_Product_431,Electronics,Electronics_C,3056,4250,Nike
432,Home_Product_432,Home,Home_B,48731,19185,Tata
433,Grocery_Product_433,Grocery,Grocery_C,22464,12520,Tata
434,Beauty_Product_434,Beauty,Beauty_B,23520,13548,Flipkart
435,Electronics_Product_435,Electronics,Electronics_C,16105,8163,Reliance
436,Books_Product_436,Books,Books_B,38932,2833,Puma
437,Electronics_Product_437,Electronics,Electronics_B,7601,11112,Reliance
438,Electronics_Product_438,Electronics,Electronics_C,21472,1274,Amazon
439,Books_Product_439,Books,Books_B,37327,16917,Amazon
440,Home_Product_440,Home,Home_A,45710,15441,Boat
441,Electronics_Product_441,Electronics,Electronics_B,24855,18739,Amazon
442,Home_Product_442,Home,Home_C,6504,26537,Amazon
443,Electronics_Product_443,Electronics,Electronics_C,44344,6797,Flipkart
444,Beauty_Product_444,Beauty,Beauty_C,43837,11176,Reliance
445,Sports_Product_445,Sports,Sports_B,23911,14336,Reliance
446,Beauty_Product_446,Beauty,Beauty_C,5036,27587,Nike
447,Sports_Product_447,Sports,Sports_A,18932,8738,Tata
448,Home_Product_448,Home,Home_C,26447,26415,Reliance
449,Sports_Product_449,Sports,Sports_C,6126,23567,Nike
450,Sports_Product_450,Sports,Sports_A,38888,11087,Flipkart
451,Electronics_Product_451,Electronics,Electronics_C,34903,15623,Amazon
452,Clothing_Product_452,Clothing,Clothing_B,5124,21399,Nike
453,Home_Product_453,Home,Home_C,19754,14235,Puma
454,Sports_Product_454,Sports,Sports_B,13212,13626,Amazon
455,Home_Product_455,Home,Home_C,33875,14901,Puma
456,Grocery_Product_456,Grocery,Grocery_C,11935,28915,Tata
457,Books_Product_457,Books,Books_C,33931,28319,Reliance
458,Sports_Product_458,Sports,Sports_B,14056,21703,Nike
459,Books_Product_459,Books,Books_B,17659,20953,Boat
460,Grocery_Product_460,Grocery,Grocery_C,28524,18600,Puma
461,Books_Product_461,Books,Books_A,34327,6624,Flipkart
462,Beauty_Product_462,Beauty,Beauty_A,15853,4980,Puma
463,Books_Product_463,Books,Books_B,28633,13493,Flipkart
464,Grocery_Product_464,Grocery,Grocery_A,41645,6720,Nike
465,Beauty_Product_465,Beauty,Beauty_B,18911,21219,Reliance
466,Home_Product_466,Home,Home_C,39502,7787,Amazon
467,Clothing_Product_467,Clothing,Clothing_A,9927,6338,Tata
468,Clothing_Product_468,Clothing,Clothing_B,30519,15955,Boat
469,Beauty_Product_469,Beauty,Beauty_B,42496,29726,Tata
470,Clothing_Product_470,Clothing,Clothing_A,17972,4520,Tata
471,Home_Product_471,Home,Home_B,43266,18095,Reliance
472,Books_Product_472,Books,Books_A,47448,15970,Nike
473,Electronics_Product_473,Electronics,Electronics_A,5600,10336,Boat
474,Home_Product_474,Home,Home_A,26773,29435,Flipkart
475,Books_Product_475,Books,Books_C,6018,13055,Nike
476,Books_Product_476,Books,Books_A,15569,3717,Boat
477,Books_Product_477,Books,Books_C,8006,17153,Puma
478,Grocery_Product_478,Grocery,Grocery_C,34523,8301,Amazon
479,Electronics_Product_479,Electronics,Electronics_A,39409,4056,Nike
480,Grocery_Product_480,Grocery,Grocery_B,21680,27323,Boat
481,Books_Product_481,Books,Books_B,49145,24428,Reliance
482,Beauty_Product_482,Beauty,Beauty_A,9555,3550,Reliance
483,Clothing_Product_483,Clothing,Clothing_B,28901,13431,Flipkart
484,Grocery_Product_484,Grocery,Grocery_C,3765,16118,Boat
485,Home_Product_485,Home,Home_C,7503,10420,Boat
486,Beauty_Product_486,Beauty,Beauty_B,44843,8122,Flipkart
487,Grocery_Product_487,Grocery,Grocery_A,23889,15622,Puma
488,Home_Product_488,Home,Home_B,1481,21198,Boat
489,Electronics_Product_489,Electronics,Electronics_C,43499,26229,Tata
490,Books_Product_490,Books,Books_C,15807,8339,Boat
491,Beauty_Product_491,Beauty,Beauty_B,41974,23007,Flipkart
492,Grocery_Product_492,Grocery,Grocery_C,8098,17577,Nike
493,Clothing_Product_493,Clothing,Clothing_B,25558,307,Amazon
494,Home_Product_494,Home,Home_B,6014,27008,Nike
495,Clothing_Product_495,Clothing,Clothing_B,13887,28211,Reliance
496,Beauty_Product_496,Beauty,Beauty_C,20886,28868,Nike
497,Grocery_Product_497,Grocery,Grocery_C,26726,25914,Tata
498,Home_Product_498,Home,Home_A,32323,15486,Puma
499,Beauty_Product_499,Beauty,Beauty_B,47114,13890,Nike
500,Electronics_Product_500,Electronics,Electronics_A,45875,8601,Boat
501,Electronics_Product_501,Electronics,Electronics_B,27682,19780,Puma
502,Grocery_Product_502,Grocery,Grocery_C,48451,10757,Amazon
503,Books_Product_503,Books,Books_A,3514,21066,Puma
504,Clothing_Product_504,Clothing,Clothing_C,29158,25970,Puma
505,Clothing_Product_505,Clothing,Clothing_A,26357,6606,Puma
506,Home_Product_506,Home,Home_B,37836,2744,Tata
507,Clothing_Product_507,Clothing,Clothing_A,33940,23432,Nike
508,Grocery_Product_508,Grocery,Grocery_C,8625,27803,Boat
509,Books_Product_509,Books,Books_B,21032,14844,Amazon
510,Grocery_Product_510,Grocery,Grocery_C,8849,8591,Reliance
511,Books_Product_511,Books,Books_C,21568,26248,Flipkart
512,Clothing_Product_512,Clothing,Clothing_A,27264,12095,Reliance
513,Beauty_Product_513,Beauty,Beauty_B,37481,7405,Tata
514,Electronics_Product_514,Electronics,Electronics_C,42508,20104,Puma
515,Clothing_Product_515,Clothing,Clothing_A,30405,6546,Flipkart
516,Books_Product_516,Books,Books_A,3362,13191,Boat
517,Beauty_Product_517,Beauty,Beauty_C,17149,4940,Tata
518,Home_Product_518,Home,Home_A,37274,3895,Tata
519,Books_Product_519,Books,Books_C,28618,25391,Amazon
520,Grocery_Product_520,Grocery,Grocery_C,32484,3933,Reliance
521,Books_Product_521,Books,Books_A,12587,28293,Nike
522,Grocery_Product_522,Grocery,Grocery_B,18971,24509,Amazon
523,Beauty_Product_523,Beauty,Beauty_A,28366,28110,Reliance
524,Sports_Product_524,Sports,Sports_A,18644,23862,Puma
525,Clothing_Product_525,Clothing,Clothing_B,11920,13436,Nike
526,Clothing_Product_526,Clothing,Clothing_A,19118,8628,Reliance
527,Sports_Product_527,Sports,Sports_B,16373,12162,Boat
528,Books_Product_528,Books,Books_C,30126,2859,Tata
529,Beauty_Product_529,Beauty,Beauty_A,21284,22758,Amazon
530,Books_Product_530,Books,Books_A,46849,12616,Puma
531,Beauty_Product_531,Beauty,Beauty_C,39237,8446,Tata
532,Electronics_Product_532,Electronics,Electronics_C,3950,1757,Flipkart
533,Clothing_Product_533,Clothing,Clothing_B,23319,19919,Puma
534,Grocery_Product_534,Grocery,Grocery_C,46602,24568,Nike
535,Electronics_Product_535,Electronics,Electronics_A,16723,16582,Boat
536,Beauty_Product_536,Beauty,Beauty_B,25966,22045,Flipkart
537,Clothing_Product_537,Clothing,Clothing_C,2795,19071,Reliance
538,Home_Product_538,Home,Home_A,33113,16199,Flipkart
539,Beauty_Product_539,Beauty,Beauty_A,5975,10447,Puma
540,Sports_Product_540,Sports,Sports_B,9392,8582,Tata
541,Home_Product_541,Home,Home_A,8480,16408,Nike
542,Grocery_Product_542,Grocery,Grocery_B,49109,11865,Amazon
543,Home_Product_543,Home,Home_B,40269,27233,Nike
544,Home_Product_544,Home,Home_C,20613,14329,Reliance
545,Home_Product_545,Home,Home_C,32296,25074,Reliance
546,Sports_Product_546,Sports,Sports_C,41823,26206,Amazon
547,Electronics_Product_547,Electronics,Electronics_A,9840,1838,Reliance
548,Clothing_Product_548,Clothing,Clothing_A,30918,8577,Reliance
549,Books_Product_549,Books,Books_B,28701,3851,Amazon
550,Electronics_Product_550,Electronics,Electronics_B,23464,23283,Boat
551,Beauty_Product_551,Beauty,Beauty_B,32408,3736,Nike
552,Books_Product_552,Books,Books_A,8203,11505,Tata
553,Clothing_Product_553,Clothing,Clothing_B,11939,27409,Reliance
554,Books_Product_554,Books,Books_C,17977,18506,Puma
555,Sports_Product_555,Sports,Sports_A,38343,185,Boat
556,Grocery_Product_556,Grocery,Grocery_C,11933,13695,Tata
557,Clothing_Product_557,Clothing,Clothing_B,44461,3140,Flipkart
558,Electronics_Product_558,Electronics,Electronics_B,44750,22353,Tata
559,Beauty_Product_559,Beauty,Beauty_B,38788,3525,Nike
560,Home_Product_560,Home,Home_A,1992,2706,Amazon
561,Grocery_Product_561,Grocery,Grocery_C,43323,15773,Amazon
562,Books_Product_562,Books,Books_B,39041,21611,Tata
563,Home_Product_563,Home,Home_A,43102,20443,Amazon
564,Home_Product_564,Home,Home_C,48224,29766,Nike
565,Sports_Product_565,Sports,Sports_A,13952,28337,Tata
566,Grocery_Product_566,Grocery,Grocery_C,18643,10639,Nike
567,Electronics_Product_567,Electronics,Electronics_C,4734,17979,Boat
568,Beauty_Product_568,Beauty,Beauty_A,26239,8411,Reliance
569,Clothing_Product_569,Clothing,Clothing_B,5945,722,Nike
570,Clothing_Product_570,Clothing,Clothing_A,25560,25592,Amazon
571,Home_Product_571,Home,Home_C,49419,21482,Reliance
572,Electronics_Product_572,Electronics,Electronics_B,32268,26300,Amazon
573,Books_Product_573,Books,Books_B,44989,19825,Reliance
574,Home_Product_574,Home,Home_C,6398,27314,Flipkart
575,Sports_Product_575,Sports,Sports_A,32187,14646,Amazon
576,Beauty_Product_576,Beauty,Beauty_B,37000,19721,Amazon
577,Electronics_Product_577,Electronics,Electronics_B,24232,20165,Reliance
578,Beauty_Product_578,Beauty,Beauty_C,28019,3095,Tata
579,Sports_Product_579,Sports,Sports_B,30477,22215,Reliance
580,Books_Product_580,Books,Books_C,46868,5131,Amazon
581,Sports_Product_581,Sports,Sports_C,42516,17242,Tata
582,Home_Product_582,Home,Home_B,28762,2644,Nike
583,Beauty_Product_583,Beauty,Beauty_B,9839,4237,Puma
584,Home_Product_584,Home,Home_A,34381,14065,Flipkart
585,Sports_Product_585,Sports,Sports_A,36209,2557,Tata
586,Sports_Product_586,Sports,Sports_A,33566,13973,Amazon
587,Electronics_Product_587,Electronics,Electronics_B,43409,23653,Boat
588,Grocery_Product_588,Grocery,Grocery_B,23395,8401,Boat
589,Electronics_Product_589,Electronics,Electronics_C,1166,3783,Puma
590,Books_Product_590,Books,Books_B,11867,25811,Reliance
591,Grocery_Product_591,Grocery,Grocery_B,3066,2779,Amazon
592,Books_Product_592,Books,Books_B,20674,19291,Puma
593,Beauty_Product_593,Beauty,Beauty_C,29587,20491,Nike
594,Home_Product_594,Home,Home_B,12367,6966,Reliance
595,Electronics_Product_595,Electronics,Electronics_C,39687,8547,Nike
596,Books_Product_596,Books,Books_A,28529,17560,Tata
597,Electronics_Product_597,Electronics,Electronics_B,7746,485,Reliance
598,Books_Product_598,Books,Books_B,30257,22719,Amazon
599,Grocery_Product_599,Grocery,Grocery_C,48874,19772,Puma
600,Beauty_Product_600,Beauty,Beauty_B,40633,26694,Boat
601,Home_Product_601,Home,Home_C,44258,22669,Puma
602,Beauty_Product_602,Beauty,Beauty_B,5843,4148,Reliance
603,Electronics_Product_603,Electronics,Electronics_A,7434,26787,Tata
604,Books_Product_604,Books,Books_A,1857,6906,Amazon
605,Books_Product_605,Books,Books_A,42681,7972,Amazon
606,Grocery_Product_606,Grocery,Grocery_C,35396,6305,Tata
607,Home_Product_607,Home,Home_B,9810,15581,Amazon
608,Electronics_Product_608,Electronics,Electronics_A,10985,29620,Reliance
609,Books_Product_609,Books,Books_C,29280,15944,Amazon
610,Electronics_Product_610,Electronics,Electronics_B,38453,8000,Reliance
611,Home_Product_611,Home,Home_C,25772,1718,Flipkart
612,Electronics_Product_612,Electronics,Electronics_A,41414,27825,Puma
613,Beauty_Product_613,Beauty,Beauty_B,32586,24202,Boat
614,Sports_Product_614,Sports,Sports_C,36426,9578,Tata
615,Beauty_Product_615,Beauty,Beauty_B,31957,16871,Boat
616,Books_Product_616,Books,Books_C,44577,29707,Nike
617,Grocery_Product_617,Grocery,Grocery_B,15298,23455,Tata
618,Sports_Product_618,Sports,Sports_A,27756,18937,Flipkart
619,Sports_Product_619,Sports,Sports_A,17653,29307,Puma
620,Beauty_Product_620,Beauty,Beauty_B,7763,16263,Boat
621,Books_Product_621,Books,Books_B,29481,22906,Amazon
622,Electronics_Product_622,Electronics,Electronics_A,18975,23846,Reliance
623,Beauty_Product_623,Beauty,Beauty_B,28812,7655,Boat
624,Clothing_Product_624,Clothing,Clothing_C,44990,11163,Boat
625,Grocery_Product_625,Grocery,Grocery_C,43154,15400,Reliance
626,Home_Product_626,Home,Home_C,46721,12841,Amazon
627,Grocery_Product_627,Grocery,Grocery_C,42862,24120,Flipkart
628,Grocery_Product_628,Grocery,Grocery_B,10718,20426,Reliance
629,Home_Product_629,Home,Home_C,49203,2874,Puma
630,Beauty_Product_630,Beauty,Beauty_A,11456,6586,Reliance
631,Sports_Product_631,Sports,Sports_B,6712,26050,Amazon
632,Beauty_Product_632,Beauty,Beauty_B,15482,6912,Boat
633,Electronics_Product_633,Electronics,Electronics_A,23613,28915,Flipkart
634,Home_Product_634,Home,Home_C,10494,5775,Nike
635,Grocery_Product_635,Grocery,Grocery_C,2195,26487,Tata
636,Home_Product_636,Home,Home_B,7569,20286,Reliance
637,Electronics_Product_637,Electronics,Electronics_C,14786,15987,Flipkart
638,Home_Product_638,Home,Home_B,3158,25284,Boat
639,Home_Product_639,Home,Home_A,45328,28679,Boat
640,Sports_Product_640,Sports,Sports_C,6925,23197,Tata
641,Beauty_Product_641,Beauty,Beauty_B,49629,3684,Tata
642,Grocery_Product_642,Grocery,Grocery_C,40054,25679,Nike
643,Electronics_Product_643,Electronics,Electronics_C,2850,16673,Tata
644,Clothing_Product_644,Clothing,Clothing_C,7837,28586,Reliance
645,Home_Product_645,Home,Home_A,47833,9622,Puma
646,Beauty_Product_646,Beauty,Beauty_C,32762,24054,Nike
647,Electronics_Product_647,Electronics,Electronics_A,42507,11968,Flipkart
648,Grocery_Product_648,Grocery,Grocery_A,8159,27856,Reliance
649,Beauty_Product_649,Beauty,Beauty_B,531,8088,Nike
650,Grocery_Product_650,Grocery,Grocery_B,22468,9446,Boat
651,Clothing_Product_651,Clothing,Clothing_A,17533,12253,Puma
652,Grocery_Product_652,Grocery,Grocery_B,23735,20675,Puma
653,Clothing_Product_653,Clothing,Clothing_A,49462,24740,Boat
654,Beauty_Product_654,Beauty,Beauty_A,9143,26322,Amazon
655,Beauty_Product_655,Beauty,Beauty_B,30164,27981,Boat
656,Grocery_Product_656,Grocery,Grocery_C,23809,1025,Amazon
657,Clothing_Product_657,Clothing,Clothing_A,47130,26469,Boat
658,Electronics_Product_658,Electronics,Electronics_A,22271,10365,Amazon
659,Grocery_Product_659,Grocery,Grocery_A,28547,2064,Amazon
660,Grocery_Product_660,Grocery,Grocery_A,43365,21069,Reliance
661,Sports_Product_661,Sports,Sports_A,41493,23425,Nike
662,Books_Product_662,Books,Books_C,19480,13789,Amazon
663,Books_Product_663,Books,Books_C,36381,28674,Flipkart
664,Books_Product_664,Books,Books_C,20658,29843,Flipkart
665,Electronics_Product_665,Electronics,Electronics_B,34689,20051,Reliance
666,Books_Product_666,Books,Books_B,29341,21148,Reliance
667,Sports_Product_667,Sports,Sports_C,40613,21415,Amazon
668,Books_Product_668,Books,Books_B,42616,13304,Nike
669,Clothing_Product_669,Clothing,Clothing_B,5623,1261,Boat
670,Home_Product_670,Home,Home_B,47620,23606,Puma
671,Clothing_Product_671,Clothing,Clothing_C,35541,9353,Reliance
672,Electronics_Product_672,Electronics,Electronics_C,36261,10281,Boat
673,Home_Product_673,Home,Home_C,10587,817,Tata
674,Grocery_Product_674,Grocery,Grocery_C,38930,8526,Reliance
675,Grocery_Product_675,Grocery,Grocery_B,47712,13902,Boat
676,Electronics_Product_676,Electronics,Electronics_C,4028,27627,Flipkart
677,Home_Product_677,Home,Home_C,33359,11665,Tata
678,Electronics_Product_678,Electronics,Electronics_C,8275,14754,Flipkart
679,Sports_Product_679,Sports,Sports_C,441,14898,Flipkart
680,Clothing_Product_680,Clothing,Clothing_C,38215,18583,Puma
681,Books_Product_681,Books,Books_C,35049,27722,Boat
682,Clothing_Product_682,Clothing,Clothing_B,19708,9373,Puma
683,Grocery_Product_683,Grocery,Grocery_C,37636,22084,Reliance
684,Books_Product_684,Books,Books_B,34156,24216,Reliance
685,Electronics_Product_685,Electronics,Electronics_B,33946,19133,Reliance
686,Grocery_Product_686,Grocery,Grocery_B,29873,3260,Reliance
687,Books_Product_687,Books,Books_B,27104,2735,Tata
688,Electronics_Product_688,Electronics,Electronics_B,8623,15655,Reliance
689,Beauty_Product_689,Beauty,Beauty_A,24302,22228,Boat
690,Beauty_Product_690,Beauty,Beauty_C,36732,17054,Nike
691,Beauty_Product_691,Beauty,Beauty_B,38392,16395,Puma
692,Beauty_Product_692,Beauty,Beauty_B,45255,16091,Puma
693,Beauty_Product_693,Beauty,Beauty_A,9559,16623,Reliance
694,Beauty_Product_694,Beauty,Beauty_C,30096,4289,Puma
695,Sports_Product_695,Sports,Sports_C,7837,22806,Reliance
696,Beauty_Product_696,Beauty,Beauty_B,2236,24511,Reliance
697,Sports_Product_697,Sports,Sports_B,7883,19763,Nike
698,Beauty_Product_698,Beauty,Beauty_A,8021,12160,Boat
699,Home_Product_699,Home,Home_A,34360,5073,Tata
700,Home_Product_700,Home,Home_B,24640,9987,Flipkart
701,Beauty_Product_701,Beauty,Beauty_A,9463,4707,Nike
702,Sports_Product_702,Sports,Sports_B,3288,29352,Flipkart
703,Home_Product_703,Home,Home_A,12098,26891,Puma
704,Beauty_Product_704,Beauty,Beauty_A,8116,17991,Flipkart
705,Electronics_Product_705,Electronics,Electronics_A,27466,15817,Boat
706,Home_Product_706,Home,Home_C,29746,29550,Flipkart
707,Grocery_Product_707,Grocery,Grocery_B,31244,27393,Puma
708,Grocery_Product_708,Grocery,Grocery_C,8803,25017,Reliance
709,Sports_Product_709,Sports,Sports_C,30307,25008,Amazon
710,Books_Product_710,Books,Books_B,9863,28438,Puma
711,Home_Product_711,Home,Home_A,41044,21824,Boat
712,Beauty_Product_712,Beauty,Beauty_B,15358,29549,Amazon
713,Home_Product_713,Home,Home_C,3102,22019,Amazon
714,Books_Product_714,Books,Books_B,42430,2950,Nike
715,Clothing_Product_715,Clothing,Clothing_C,1725,18793,Puma
716,Grocery_Product_716,Grocery,Grocery_C,20340,18434,Puma
717,Electronics_Product_717,Electronics,Electronics_C,36757,2840,Reliance
718,Sports_Product_718,Sports,Sports_C,37904,24875,Tata
719,Sports_Product_719,Sports,Sports_C,12512,24644,Amazon
720,Sports_Product_720,Sports,Sports_A,7982,21619,Boat
721,Clothing_Product_721,Clothing,Clothing_A,18119,25830,Reliance
722,Clothing_Product_722,Clothing,Clothing_C,38081,14606,Tata
723,Grocery_Product_723,Grocery,Grocery_C,39870,10549,Amazon
724,Sports_Product_724,Sports,Sports_A,32309,28295,Tata
725,Home_Product_725,Home,Home_B,11929,13646,Tata
726,Grocery_Product_726,Grocery,Grocery_C,20899,12567,Flipkart
727,Electronics_Product_727,Electronics,Electronics_A,6609,17803,Reliance
728,Home_Product_728,Home,Home_A,12071,8424,Nike
729,Electronics_Product_729,Electronics,Electronics_A,20206,13395,Puma
730,Clothing_Product_730,Clothing,Clothing_A,40370,10709,Reliance
731,Electronics_Product_731,Electronics,Electronics_C,3933,9815,Amazon
732,Electronics_Product_732,Electronics,Electronics_B,9436,13577,Flipkart
733,Home_Product_733,Home,Home_B,8027,1749,Reliance
734,Clothing_Product_734,Clothing,Clothing_C,38506,7799,Amazon
735,Sports_Product_735,Sports,Sports_C,25334,3820,Flipkart
736,Electronics_Product_736,Electronics,Electronics_B,30562,18174,Amazon
737,Electronics_Product_737,Electronics,Electronics_B,1994,13402,Puma
738,Clothing_Product_738,Clothing,Clothing_A,17739,18205,Boat
739,Books_Product_739,Books,Books_A,16242,25051,Boat
740,Books_Product_740,Books,Books_A,20063,18670,Amazon
741,Beauty_Product_741,Beauty,Beauty_A,41767,16448,Reliance
742,Grocery_Product_742,Grocery,Grocery_A,24564,17759,Reliance
743,Grocery_Product_743,Grocery,Grocery_A,35327,13935,Boat
744,Beauty_Product_744,Beauty,Beauty_A,165,26678,Amazon
745,Grocery_Product_745,Grocery,Grocery_C,19056,21449,Reliance
746,Electronics_Product_746,Electronics,Electronics_A,31700,9005,Boat
747,Home_Product_747,Home,Home_C,25013,11565,Nike
748,Books_Product_748,Books,Books_A,38448,27597,Boat
749,Home_Product_749,Home,Home_A,10678,24271,Boat
750,Sports_Product_750,Sports,Sports_A,19802,2989,Amazon
751,Books_Product_751,Books,Books_A,9252,23809,Boat
752,Home_Product_752,Home,Home_B,13918,20053,Boat
753,Grocery_Product_753,Grocery,Grocery_B,44802,11277,Puma
754,Home_Product_754,Home,Home_C,29769,8996,Reliance
755,Books_Product_755,Books,Books_B,22489,6951,Amazon
756,Sports_Product_756,Sports,Sports_B,1140,30000,Puma
757,Clothing_Product_757,Clothing,Clothing_C,234,19998,Amazon
758,Electronics_Product_758,Electronics,Electronics_A,44186,5736,Amazon
759,Sports_Product_759,Sports,Sports_C,46191,16072,Nike
760,Beauty_Product_760,Beauty,Beauty_C,5418,25848,Puma
761,Books_Product_761,Books,Books_A,35400,1064,Nike
762,Grocery_Product_762,Grocery,Grocery_C,29275,22078,Tata
763,Home_Product_763,Home,Home_B,39507,11779,Amazon
764,Clothing_Product_764,Clothing,Clothing_C,652,4138,Amazon
765,Home_Product_765,Home,Home_A,29235,356,Reliance
766,Books_Product_766,Books,Books_A,49803,9262,Puma
767,Books_Product_767,Books,Books_B,12650,2998,Nike
768,Sports_Product_768,Sports,Sports_C,19969,26540,Puma
769,Clothing_Product_769,Clothing,Clothing_A,32462,11944,Tata
770,Home_Product_770,Home,Home_B,46240,23215,Boat
771,Clothing_Product_771,Clothing,Clothing_A,12950,26956,Puma
772,Beauty_Product_772,Beauty,Beauty_A,18276,18698,Boat
773,Beauty_Product_773,Beauty,Beauty_A,36261,6399,Puma
774,Books_Product_774,Books,Books_C,44151,22410,Boat
775,Sports_Product_775,Sports,Sports_A,4383,19322,Reliance
776,Books_Product_776,Books,Books_A,8451,8557,Boat
777,Grocery_Product_777,Grocery,Grocery_A,34380,23934,Nike
778,Home_Product_778,Home,Home_A,44532,807,Puma
779,Books_Product_779,Books,Books_C,40369,8337,Puma
780,Sports_Product_780,Sports,Sports_B,228,14045,Puma
781,Books_Product_781,Books,Books_C,3498,28029,Flipkart
782,Beauty_Product_782,Beauty,Beauty_B,18059,4038,Puma
783,Sports_Product_783,Sports,Sports_B,32577,11894,Boat
784,Grocery_Product_784,Grocery,Grocery_A,47365,7407,Tata
785,Home_Product_785,Home,Home_B,34992,14758,Flipkart
786,Electronics_Product_786,Electronics,Electronics_B,12853,11017,Tata
787,Sports_Product_787,Sports,Sports_A,48429,7443,Puma
788,Beauty_Product_788,Beauty,Beauty_A,16482,6501,Reliance
789,Home_Product_789,Home,Home_B,4218,20562,Puma
790,Electronics_Product_790,Electronics,Electronics_A,31555,14204,Nike
791,Electronics_Product_791,Electronics,Electronics_C,41145,11004,Nike
792,Home_Product_792,Home,Home_A,7167,15568,Reliance
793,Home_Product_793,Home,Home_A,21962,17078,Nike
794,Clothing_Product_794,Clothing,Clothing_A,39419,20351,Amazon
795,Grocery_Product_795,Grocery,Grocery_A,41082,14679,Boat
796,Electronics_Product_796,Electronics,Electronics_A,4077,1142,Amazon
797,Home_Product_797,Home,Home_C,4361,25695,Reliance
798,Electronics_Product_798,Electronics,Electronics_B,3690,9928,Boat
799,Books_Product_799,Books,Books_B,4411,3386,Puma
800,Electronics_Product_800,Electronics,Electronics_C,3521,9713,Nike
801,Beauty_Product_801,Beauty,Beauty_B,6380,20277,Nike
802,Beauty_Product_802,Beauty,Beauty_A,39393,25853,Puma
803,Sports_Product_803,Sports,Sports_A,29814,12630,Amazon
804,Grocery_Product_804,Grocery,Grocery_B,40746,20340,Tata
805,Home_Product_805,Home,Home_C,44387,25705,Tata
806,Beauty_Product_806,Beauty,Beauty_C,21608,19311,Reliance
807,Electronics_Product_807,Electronics,Electronics_A,905,19552,Puma
808,Electronics_Product_808,Electronics,Electronics_C,12788,29684,Boat
809,Clothing_Product_809,Clothing,Clothing_C,33451,8447,Flipkart
810,Beauty_Product_810,Beauty,Beauty_B,47588,20394,Amazon
811,Clothing_Product_811,Clothing,Clothing_A,9122,26166,Tata
812,Electronics_Product_812,Electronics,Electronics_A,20525,19203,Amazon
813,Sports_Product_813,Sports,Sports_C,49538,11772,Flipkart
814,Sports_Product_814,Sports,Sports_C,9643,4880,Amazon
815,Home_Product_815,Home,Home_C,22572,9587,Flipkart
816,Electronics_Product_816,Electronics,Electronics_C,38532,21600,Puma
817,Clothing_Product_817,Clothing,Clothing_A,15657,16666,Nike
818,Grocery_Product_818,Grocery,Grocery_C,3678,13880,Flipkart
819,Clothing_Product_819,Clothing,Clothing_A,42079,29819,Reliance
820,Grocery_Product_820,Grocery,Grocery_A,22483,6254,Puma
821,Beauty_Product_821,Beauty,Beauty_C,45440,15365,Boat
822,Books_Product_822,Books,Books_B,38006,18599,Flipkart
823,Sports_Product_823,Sports,Sports_B,27539,10818,Reliance
824,Electronics_Product_824,Electronics,Electronics_B,2865,16300,Reliance
825,Electronics_Product_825,Electronics,Electronics_C,14716,22765,Reliance
826,Beauty_Product_826,Beauty,Beauty_C,14068,7882,Amazon
827,Books_Product_827,Books,Books_B,48601,12367,Reliance
828,Beauty_Product_828,Beauty,Beauty_A,540,11938,Tata
829,Electronics_Product_829,Electronics,Electronics_B,2067,18226,Tata
830,Clothing_Product_830,Clothing,Clothing_B,28962,6420,Puma
831,Sports_Product_831,Sports,Sports_B,2977,1022,Reliance
832,Clothing_Product_832,Clothing,Clothing_B,11512,7224,Flipkart
833,Books_Product_833,Books,Books_A,22370,27822,Boat
834,Clothing_Product_834,Clothing,Clothing_A,12944,754,Reliance
835,Grocery_Product_835,Grocery,Grocery_B,6731,737,Nike
836,Books_Product_836,Books,Books_A,24933,21508,Nike
837,Electronics_Product_837,Electronics,Electronics_B,13878,10046,Amazon
838,Clothing_Product_838,Clothing,Clothing_B,24502,21706,Reliance
839,Sports_Product_839,Sports,Sports_C,28524,28833,Puma
840,Electronics_Product_840,Electronics,Electronics_A,9565,28975,Reliance
841,Grocery_Product_841,Grocery,Grocery_A,12662,17500,Amazon
842,Books_Product_842,Books,Books_B,20937,19696,Amazon
843,Books_Product_843,Books,Books_A,3127,25054,Boat
844,Sports_Product_844,Sports,Sports_A,35192,9689,Nike
845,Clothing_Product_845,Clothing,Clothing_B,16298,1795,Puma
846,Grocery_Product_846,Grocery,Grocery_B,8387,27952,Boat
847,Sports_Product_847,Sports,Sports_B,13812,23882,Tata
848,Grocery_Product_848,Grocery,Grocery_B,43583,20198,Tata
849,Clothing_Product_849,Clothing,Clothing_C,25535,24668,Puma
850,Grocery_Product_850,Grocery,Grocery_C,24627,16387,Boat
851,Beauty_Product_851,Beauty,Beauty_A,21191,23396,Flipkart
852,Sports_Product_852,Sports,Sports_C,31773,23500,Amazon
853,Beauty_Product_853,Beauty,Beauty_B,38188,13188,Puma
854,Grocery_Product_854,Grocery,Grocery_C,42681,1249,Reliance
855,Clothing_Product_855,Clothing,Clothing_A,29727,28334,Reliance
856,Beauty_Product_856,Beauty,Beauty_A,20153,13977,Amazon
857,Sports_Product_857,Sports,Sports_A,24617,8390,Boat
858,Electronics_Product_858,Electronics,Electronics_A,49358,2803,Flipkart
859,Beauty_Product_859,Beauty,Beauty_C,23140,7592,Boat
860,Electronics_Product_860,Electronics,Electronics_B,33671,20403,Flipkart
861,Beauty_Product_861,Beauty,Beauty_B,30741,14222,Amazon
862,Home_Product_862,Home,Home_B,20876,8996,Amazon
863,Electronics_Product_863,Electronics,Electronics_A,29046,7710,Flipkart
864,Books_Product_864,Books,Books_A,23633,29589,Tata
865,Home_Product_865,Home,Home_C,33706,17962,Puma
866,Electronics_Product_866,Electronics,Electronics_B,15025,3274,Tata
867,Electronics_Product_867,Electronics,Electronics_B,2608,17942,Reliance
868,Home_Product_868,Home,Home_A,44343,10838,Flipkart
869,Home_Product_869,Home,Home_C,44896,27753,Flipkart
870,Clothing_Product_870,Clothing,Clothing_C,39685,4567,Nike
871,Grocery_Product_871,Grocery,Grocery_C,48584,17847,Flipkart
872,Electronics_Product_872,Electronics,Electronics_B,18571,26995,Flipkart
873,Grocery_Product_873,Grocery,Grocery_B,26691,26980,Boat
874,Grocery_Product_874,Grocery,Grocery_C,879,15516,Puma
875,Sports_Product_875,Sports,Sports_A,26150,7507,Reliance
876,Books_Product_876,Books,Books_C,13854,15596,Reliance
877,Sports_Product_877,Sports,Sports_C,36316,24875,Amazon
878,Books_Product_878,Books,Books_B,22425,25999,Tata
879,Home_Product_879,Home,Home_A,28201,25285,Puma
880,Beauty_Product_880,Beauty,Beauty_A,28849,14794,Nike
881,Sports_Product_881,Sports,Sports_A,24656,4603,Boat
882,Grocery_Product_882,Grocery,Grocery_A,20125,24226,Tata
883,Beauty_Product_883,Beauty,Beauty_C,23343,11185,Reliance
884,Beauty_Product_884,Beauty,Beauty_B,45042,24712,Amazon
885,Grocery_Product_885,Grocery,Grocery_C,35332,9868,Flipkart
886,Sports_Product_886,Sports,Sports_A,37296,25784,Tata
887,Clothing_Product_887,Clothing,Clothing_A,21743,18668,Puma
888,Grocery_Product_888,Grocery,Grocery_C,39935,18854,Nike
889,Beauty_Product_889,Beauty,Beauty_B,13482,12850,Tata
890,Sports_Product_890,Sports,Sports_B,12442,15607,Tata
891,Home_Product_891,Home,Home_C,29691,20988,Flipkart
892,Electronics_Product_892,Electronics,Electronics_A,6936,22164,Boat
893,Clothing_Product_893,Clothing,Clothing_A,45255,19821,Amazon
894,Electronics_Product_894,Electronics,Electronics_A,13141,2327,Amazon
895,Home_Product_895,Home,Home_A,15372,9588,Puma
896,Sports_Product_896,Sports,Sports_A,29896,1932,Flipkart
897,Sports_Product_897,Sports,Sports_A,11360,10757,Nike
898,Beauty_Product_898,Beauty,Beauty_B,10391,3678,Reliance
899,Sports_Product_899,Sports,Sports_B,31442,24401,Tata
900,Beauty_Product_900,Beauty,Beauty_A,8615,28572,Reliance
901,Home_Product_901,Home,Home_B,46609,21833,Amazon
902,Clothing_Product_902,Clothing,Clothing_C,37789,10218,Boat
903,Clothing_Product_903,Clothing,Clothing_C,47074,22490,Amazon
904,Home_Product_904,Home,Home_A,587,4725,Amazon
905,Electronics_Product_905,Electronics,Electronics_B,39739,26512,Reliance
906,Sports_Product_906,Sports,Sports_B,37404,28860,Amazon
907,Beauty_Product_907,Beauty,Beauty_B,37857,1330,Puma
908,Electronics_Product_908,Electronics,Electronics_B,42455,28918,Amazon
909,Home_Product_909,Home,Home_C,46738,26013,Flipkart
910,Beauty_Product_910,Beauty,Beauty_C,11577,13650,Reliance
911,Clothing_Product_911,Clothing,Clothing_C,48153,14208,Amazon
912,Beauty_Product_912,Beauty,Beauty_C,12122,22939,Boat
913,Electronics_Product_913,Electronics,Electronics_B,45886,1480,Reliance
914,Grocery_Product_914,Grocery,Grocery_A,18042,28969,Puma
915,Sports_Product_915,Sports,Sports_B,43790,2237,Puma
916,Books_Product_916,Books,Books_C,14338,29827,Amazon
917,Beauty_Product_917,Beauty,Beauty_C,8044,12132,Tata
918,Grocery_Product_918,Grocery,Grocery_A,33156,25167,Nike
919,Home_Product_919,Home,Home_B,29652,5451,Flipkart
920,Clothing_Product_920,Clothing,Clothing_C,3025,15194,Tata
921,Electronics_Product_921,Electronics,Electronics_C,45613,22188,Puma
922,Beauty_Product_922,Beauty,Beauty_B,22621,24493,Amazon
923,Grocery_Product_923,Grocery,Grocery_A,26096,1287,Tata
924,Home_Product_924,Home,Home_A,46571,4522,Flipkart
925,Books_Product_925,Books,Books_C,30524,15934,Amazon
926,Electronics_Product_926,Electronics,Electronics_A,36041,21579,Reliance
927,Books_Product_927,Books,Books_B,9291,15476,Nike
928,Home_Product_928,Home,Home_A,11279,27525,Tata
929,Sports_Product_929,Sports,Sports_A,11715,9688,Tata
930,Sports_Product_930,Sports,Sports_C,25714,5569,Tata
931,Books_Product_931,Books,Books_A,44492,9003,Reliance
932,Beauty_Product_932,Beauty,Beauty_B,11761,7149,Puma
933,Electronics_Product_933,Electronics,Electronics_C,34984,7133,Amazon
934,Books_Product_934,Books,Books_A,41701,26641,Boat
935,Books_Product_935,Books,Books_C,47050,21678,Tata
936,Beauty_Product_936,Beauty,Beauty_C,20306,14598,Tata
937,Sports_Product_937,Sports,Sports_A,3289,25360,Amazon
938,Grocery_Product_938,Grocery,Grocery_A,16464,12326,Reliance
939,Clothing_Product_939,Clothing,Clothing_A,1151,13867,Tata
940,Electronics_Product_940,Electronics,Electronics_B,12692,22330,Puma
941,Electronics_Product_941,Electronics,Electronics_A,6430,26163,Nike
942,Grocery_Product_942,Grocery,Grocery_C,11102,23774,Reliance
943,Electronics_Product_943,Electronics,Electronics_B,33687,3578,Nike
944,Home_Product_944,Home,Home_B,36934,20588,Reliance
945,Sports_Product_945,Sports,Sports_A,35601,12995,Amazon
946,Electronics_Product_946,Electronics,Electronics_A,14110,3519,Flipkart
947,Home_Product_947,Home,Home_A,1082,13227,Puma
948,Home_Product_948,Home,Home_A,25605,7021,Amazon
949,Clothing_Product_949,Clothing,Clothing_A,43220,26758,Flipkart
950,Books_Product_950,Books,Books_C,24281,1489,Tata
951,Clothing_Product_951,Clothing,Clothing_B,19861,25200,Boat
952,Beauty_Product_952,Beauty,Beauty_A,46796,17619,Nike
953,Grocery_Product_953,Grocery,Grocery_C,11336,8305,Tata
954,Sports_Product_954,Sports,Sports_B,41444,22866,Amazon
955,Books_Product_955,Books,Books_C,8811,10930,Reliance
956,Books_Product_956,Books,Books_C,20938,27953,Puma
957,Beauty_Product_957,Beauty,Beauty_A,22061,628,Boat
958,Sports_Product_958,Sports,Sports_B,25159,16795,Puma
959,Books_Product_959,Books,Books_A,33092,19300,Puma
960,Electronics_Product_960,Electronics,Electronics_A,1490,20246,Nike
961,Electronics_Product_961,Electronics,Electronics_B,15592,24229,Amazon
962,Grocery_Product_962,Grocery,Grocery_A,40716,2651,Tata
963,Clothing_Product_963,Clothing,Clothing_B,32784,9769,Reliance
964,Clothing_Product_964,Clothing,Clothing_B,13494,21088,Tata
965,Clothing_Product_965,Clothing,Clothing_C,39295,14590,Puma
966,Home_Product_966,Home,Home_A,18327,10455,Puma
967,Grocery_Product_967,Grocery,Grocery_A,34235,25995,Amazon
968,Books_Product_968,Books,Books_B,49288,826,Reliance
969,Grocery_Product_969,Grocery,Grocery_C,21810,11280,Reliance
970,Clothing_Product_970,Clothing,Clothing_C,3643,29758,Puma
971,Clothing_Product_971,Clothing,Clothing_C,45731,23626,Reliance
972,Sports_Product_972,Sports,Sports_B,34275,10589,Reliance
973,Beauty_Product_973,Beauty,Beauty_C,496,2167,Nike
974,Beauty_Product_974,Beauty,Beauty_A,12713,1757,Puma
975,Clothing_Product_975,Clothing,Clothing_A,8328,3056,Reliance
976,Sports_Product_976,Sports,Sports_C,13493,7793,Boat
977,Electronics_Product_977,Electronics,Electronics_B,47612,15355,Flipkart
978,Clothing_Product_978,Clothing,Clothing_C,13045,8075,Amazon
979,Clothing_Product_979,Clothing,Clothing_C,16416,9982,Flipkart
980,Sports_Product_980,Sports,Sports_B,41754,6649,Flipkart
981,Grocery_Product_981,Grocery,Grocery_B,5343,11832,Amazon
982,Beauty_Product_982,Beauty,Beauty_A,30948,14513,Amazon
983,Sports_Product_983,Sports,Sports_C,48264,14252,Nike
984,Clothing_Product_984,Clothing,Clothing_B,1398,25016,Amazon
985,Beauty_Product_985,Beauty,Beauty_A,49832,29752,Flipkart
986,Sports_Product_986,Sports,Sports_C,10113,18165,Puma
987,Clothing_Product_987,Clothing,Clothing_B,25033,15242,Flipkart
988,Beauty_Product_988,Beauty,Beauty_B,24685,18470,Boat
989,Beauty_Product_989,Beauty,Beauty_A,21938,4527,Puma
990,Beauty_Product_990,Beauty,Beauty_A,10240,6263,Tata
991,Electronics_Product_991,Electronics,Electronics_C,47965,23818,Flipkart
992,Beauty_Product_992,Beauty,Beauty_B,27351,12981,Puma
993,Home_Product_993,Home,Home_B,32183,10136,Puma
994,Sports_Product_994,Sports,Sports_A,26890,29049,Tata
995,Electronics_Product_995,Electronics,Electronics_B,37167,5370,Reliance
996,Grocery_Product_996,Grocery,Grocery_B,16828,25322,Nike
997,Books_Product_997,Books,Books_B,33497,23286,Amazon
998,Books_Product_998,Books,Books_C,24229,22871,Tata
999,Books_Product_999,Books,Books_B,27889,24156,Reliance
1000,Clothing_Product_1000,Clothing,Clothing_B,2361,26694,Flipkart
1001,Books_Product_1001,Books,Books_C,44430,975,Puma
1002,Books_Product_1002,Books,Books_C,9791,8613,Boat
1003,Beauty_Product_1003,Beauty,Beauty_C,9757,8382,Reliance
1004,Sports_Product_1004,Sports,Sports_C,43524,27624,Reliance
1005,Electronics_Product_1005,Electronics,Electronics_A,6149,21165,Puma
1006,Beauty_Product_1006,Beauty,Beauty_B,46372,19257,Tata
1007,Sports_Product_1007,Sports,Sports_A,27818,5483,Nike
1008,Beauty_Product_1008,Beauty,Beauty_B,45440,9953,Boat
1009,Sports_Product_1009,Sports,Sports_C,25186,19254,Flipkart
1010,Books_Product_1010,Books,Books_B,49413,28767,Puma
1011,Grocery_Product_1011,Grocery,Grocery_A,7261,20896,Boat
1012,Grocery_Product_1012,Grocery,Grocery_B,9452,8865,Puma
1013,Clothing_Product_1013,Clothing,Clothing_C,26181,22955,Flipkart
1014,Electronics_Product_1014,Electronics,Electronics_A,32325,101,Tata
1015,Electronics_Product_1015,Electronics,Electronics_C,27483,17251,Amazon
1016,Books_Product_1016,Books,Books_B,48140,14171,Reliance
1017,Clothing_Product_1017,Clothing,Clothing_B,12315,23120,Reliance
1018,Clothing_Product_1018,Clothing,Clothing_B,12026,16519,Tata
1019,Beauty_Product_1019,Beauty,Beauty_C,14031,6132,Reliance
1020,Electronics_Product_1020,Electronics,Electronics_C,12075,26565,Nike
1021,Clothing_Product_1021,Clothing,Clothing_B,26890,14491,Puma
1022,Sports_Product_1022,Sports,Sports_A,41809,5493,Tata
1023,Home_Product_1023,Home,Home_A,24854,4135,Flipkart
1024,Electronics_Product_1024,Electronics,Electronics_B,2044,19240,Reliance
1025,Beauty_Product_1025,Beauty,Beauty_B,44192,24971,Tata
1026,Electronics_Product_1026,Electronics,Electronics_A,17537,24684,Tata
1027,Books_Product_1027,Books,Books_C,2843,3223,Reliance
1028,Sports_Product_1028,Sports,Sports_A,24719,19808,Boat
1029,Grocery_Product_1029,Grocery,Grocery_B,31945,15556,Nike
1030,Home_Product_1030,Home,Home_C,28244,11078,Flipkart
1031,Books_Product_1031,Books,Books_B,20758,26816,Reliance
1032,Home_Product_1032,Home,Home_C,26214,12450,Boat
1033,Electronics_Product_1033,Electronics,Electronics_B,21743,26469,Tata
1034,Electronics_Product_1034,Electronics,Electronics_B,45864,13216,Puma
1035,Grocery_Product_1035,Grocery,Grocery_A,1782,19773,Tata
1036,Grocery_Product_1036,Grocery,Grocery_C,18415,22963,Nike
1037,Grocery_Product_1037,Grocery,Grocery_A,24245,14858,Boat
1038,Books_Product_1038,Books,Books_C,31242,16922,Amazon
1039,Books_Product_1039,Books,Books_A,305,20958,Nike
1040,Home_Product_1040,Home,Home_A,41635,11853,Nike
1041,Electronics_Product_1041,Electronics,Electronics_C,21433,22264,Amazon
1042,Clothing_Product_1042,Clothing,Clothing_C,31854,13162,Puma
1043,Sports_Product_1043,Sports,Sports_A,22928,14071,Amazon
1044,Books_Product_1044,Books,Books_C,6683,24110,Amazon
1045,Home_Product_1045,Home,Home_C,12884,23378,Reliance
1046,Grocery_Product_1046,Grocery,Grocery_C,37579,25768,Nike
1047,Books_Product_1047,Books,Books_C,2180,4239,Amazon
1048,Grocery_Product_1048,Grocery,Grocery_A,19849,27324,Puma
1049,Sports_Product_1049,Sports,Sports_B,11113,29423,Amazon
1050,Electronics_Product_1050,Electronics,Electronics_B,43526,17766,Reliance
1051,Clothing_Product_1051,Clothing,Clothing_A,11269,24732,Puma
1052,Books_Product_1052,Books,Books_A,7012,14300,Puma
1053,Electronics_Product_1053,Electronics,Electronics_A,21497,29627,Amazon
1054,Grocery_Product_1054,Grocery,Grocery_B,14542,23615,Flipkart
1055,Books_Product_1055,Books,Books_B,44048,4083,Puma
1056,Clothing_Product_1056,Clothing,Clothing_C,41620,23820,Amazon
1057,Electronics_Product_1057,Electronics,Electronics_C,21910,28621,Reliance
1058,Sports_Product_1058,Sports,Sports_C,4338,21152,Flipkart
1059,Beauty_Product_1059,Beauty,Beauty_C,48791,24167,Puma
1060,Beauty_Product_1060,Beauty,Beauty_C,42180,25775,Boat
1061,Grocery_Product_1061,Grocery,Grocery_B,15393,7375,Flipkart
1062,Electronics_Product_1062,Electronics,Electronics_B,5846,3699,Tata
1063,Home_Product_1063,Home,Home_C,38910,6215,Puma
1064,Electronics_Product_1064,Electronics,Electronics_C,24200,4225,Nike
1065,Home_Product_1065,Home,Home_B,37908,24197,Tata
1066,Home_Product_1066,Home,Home_A,38770,17600,Reliance
1067,Grocery_Product_1067,Grocery,Grocery_B,27867,10524,Nike
1068,Home_Product_1068,Home,Home_C,8377,17081,Puma
1069,Sports_Product_1069,Sports,Sports_C,14658,3542,Amazon
1070,Electronics_Product_1070,Electronics,Electronics_C,30286,10402,Reliance
1071,Grocery_Product_1071,Grocery,Grocery_B,14446,16428,Puma
1072,Beauty_Product_1072,Beauty,Beauty_A,39517,9336,Reliance
1073,Books_Product_1073,Books,Books_C,46169,1175,Boat
1074,Home_Product_1074,Home,Home_B,33023,22614,Tata
1075,Home_Product_1075,Home,Home_C,37715,15722,Puma
1076,Grocery_Product_1076,Grocery,Grocery_A,32541,9601,Puma
1077,Beauty_Product_1077,Beauty,Beauty_A,21932,5053,Nike
1078,Books_Product_1078,Books,Books_A,48115,26605,Reliance
1079,Books_Product_1079,Books,Books_C,3544,28408,Nike
1080,Clothing_Product_1080,Clothing,Clothing_B,47770,12888,Flipkart
1081,Grocery_Product_1081,Grocery,Grocery_C,10532,756,Boat
1082,Beauty_Product_1082,Beauty,Beauty_B,27784,22263,Amazon
1083,Home_Product_1083,Home,Home_B,25728,2403,Boat
1084,Books_Product_1084,Books,Books_B,18605,22868,Reliance
1085,Books_Product_1085,Books,Books_C,25906,3238,Reliance
1086,Home_Product_1086,Home,Home_C,3647,27896,Puma
1087,Home_Product_1087,Home,Home_B,43002,5413,Boat
1088,Clothing_Product_1088,Clothing,Clothing_B,45710,15858,Flipkart
1089,Clothing_Product_1089,Clothing,Clothing_A,14395,26407,Puma
1090,Clothing_Product_1090,Clothing,Clothing_C,42779,349,Flipkart
1091,Books_Product_1091,Books,Books_C,6781,22277,Nike
1092,Grocery_Product_1092,Grocery,Grocery_A,24777,14045,Puma
1093,Grocery_Product_1093,Grocery,Grocery_A,3791,3197,Flipkart
1094,Beauty_Product_1094,Beauty,Beauty_A,3538,3895,Boat
1095,Books_Product_1095,Books,Books_B,38988,14265,Reliance
1096,Books_Product_1096,Books,Books_C,26576,8078,Tata
1097,Electronics_Product_1097,Electronics,Electronics_A,26094,16061,Flipkart
1098,Books_Product_1098,Books,Books_C,11404,21440,Puma
1099,Beauty_Product_1099,Beauty,Beauty_C,44057,21628,Tata
1100,Grocery_Product_1100,Grocery,Grocery_B,42718,12570,Flipkart
1101,Books_Product_1101,Books,Books_C,29271,12086,Tata
1102,Electronics_Product_1102,Electronics,Electronics_A,5515,4049,Amazon
1103,Books_Product_1103,Books,Books_C,33506,7420,Tata
1104,Sports_Product_1104,Sports,Sports_C,37627,15762,Flipkart
1105,Books_Product_1105,Books,Books_C,6296,26079,Boat
1106,Clothing_Product_1106,Clothing,Clothing_B,31831,21172,Puma
1107,Beauty_Product_1107,Beauty,Beauty_B,37548,4153,Tata
1108,Home_Product_1108,Home,Home_A,46877,29832,Nike
1109,Grocery_Product_1109,Grocery,Grocery_C,12216,13331,Nike
1110,Books_Product_1110,Books,Books_A,25907,18270,Nike
1111,Sports_Product_1111,Sports,Sports_C,32118,2144,Boat
1112,Grocery_Product_1112,Grocery,Grocery_C,35422,23438,Nike
1113,Grocery_Product_1113,Grocery,Grocery_C,8232,24740,Nike
1114,Clothing_Product_1114,Clothing,Clothing_C,7789,5970,Nike
1115,Sports_Product_1115,Sports,Sports_C,11892,224,Boat
1116,Beauty_Product_1116,Beauty,Beauty_B,8163,1332,Reliance
1117,Sports_Product_1117,Sports,Sports_A,42871,5332,Tata
1118,Sports_Product_1118,Sports,Sports_B,49453,1197,Tata
1119,Electronics_Product_1119,Electronics,Electronics_C,19667,11963,Boat
1120,Clothing_Product_1120,Clothing,Clothing_B,43233,52,Reliance
1121,Home_Product_1121,Home,Home_A,34142,29692,Nike
1122,Home_Product_1122,Home,Home_C,35102,14629,Reliance
1123,Sports_Product_1123,Sports,Sports_B,45654,10304,Boat
1124,Home_Product_1124,Home,Home_C,35372,16781,Reliance
1125,Books_Product_1125,Books,Books_A,43525,26912,Tata
1126,Clothing_Product_1126,Clothing,Clothing_A,12425,4692,Flipkart
1127,Grocery_Product_1127,Grocery,Grocery_A,8895,19781,Boat
1128,Clothing_Product_1128,Clothing,Clothing_C,23631,9139,Reliance
1129,Books_Product_1129,Books,Books_C,27757,2486,Boat
1130,Home_Product_1130,Home,Home_B,25120,21341,Reliance
1131,Beauty_Product_1131,Beauty,Beauty_B,5556,8378,Puma
1132,Beauty_Product_1132,Beauty,Beauty_C,9487,17610,Reliance
1133,Electronics_Product_1133,Electronics,Electronics_C,48116,8877,Puma
1134,Books_Product_1134,Books,Books_C,12724,23460,Flipkart
1135,Sports_Product_1135,Sports,Sports_C,42552,26936,Boat
1136,Sports_Product_1136,Sports,Sports_A,27604,26971,Reliance
1137,Home_Product_1137,Home,Home_B,24934,899,Boat
1138,Clothing_Product_1138,Clothing,Clothing_A,17802,4133,Boat
1139,Electronics_Product_1139,Electronics,Electronics_C,36037,13379,Tata
1140,Home_Product_1140,Home,Home_C,5931,11938,Flipkart
1141,Grocery_Product_1141,Grocery,Grocery_B,9689,28520,Nike
1142,Clothing_Product_1142,Clothing,Clothing_B,746,3259,Amazon
1143,Clothing_Product_1143,Clothing,Clothing_B,6981,25698,Tata
1144,Clothing_Product_1144,Clothing,Clothing_C,47831,28738,Flipkart
1145,Sports_Product_1145,Sports,Sports_B,6361,17382,Flipkart
1146,Books_Product_1146,Books,Books_C,18580,18122,Flipkart
1147,Sports_Product_1147,Sports,Sports_A,3243,5645,Flipkart
1148,Grocery_Product_1148,Grocery,Grocery_B,11940,11360,Nike
1149,Books_Product_1149,Books,Books_C,34944,18127,Boat
1150,Grocery_Product_1150,Grocery,Grocery_B,31351,19458,Reliance
1151,Home_Product_1151,Home,Home_A,45100,16878,Puma
1152,Clothing_Product_1152,Clothing,Clothing_C,8381,4725,Amazon
1153,Sports_Product_1153,Sports,Sports_C,17622,1782,Puma
1154,Books_Product_1154,Books,Books_B,46466,25528,Reliance
1155,Books_Product_1155,Books,Books_C,27510,23209,Amazon
1156,Clothing_Product_1156,Clothing,Clothing_B,23299,26214,Amazon
1157,Sports_Product_1157,Sports,Sports_B,18176,14067,Boat
1158,Books_Product_1158,Books,Books_A,20100,20878,Nike
1159,Electronics_Product_1159,Electronics,Electronics_B,26741,25300,Flipkart
1160,Grocery_Product_1160,Grocery,Grocery_A,41694,2654,Tata
1161,Books_Product_1161,Books,Books_A,6236,5460,Boat
1162,Electronics_Product_1162,Electronics,Electronics_A,48820,9416,Boat
1163,Beauty_Product_1163,Beauty,Beauty_A,27886,22235,Boat
1164,Books_Product_1164,Books,Books_A,31534,16362,Boat
1165,Books_Product_1165,Books,Books_C,34991,22918,Tata
1166,Beauty_Product_1166,Beauty,Beauty_A,40488,6281,Nike
1167,Books_Product_1167,Books,Books_A,46903,13975,Puma
1168,Sports_Product_1168,Sports,Sports_C,22713,8052,Puma
1169,Books_Product_1169,Books,Books_C,44931,20012,Tata
1170,Sports_Product_1170,Sports,Sports_B,11144,22152,Nike
1171,Sports_Product_1171,Sports,Sports_A,11556,2511,Flipkart
1172,Grocery_Product_1172,Grocery,Grocery_A,33764,11626,Tata
1173,Beauty_Product_1173,Beauty,Beauty_B,24944,5636,Flipkart
1174,Electronics_Product_1174,Electronics,Electronics_B,44603,8234,Nike
1175,Sports_Product_1175,Sports,Sports_A,19109,9853,Amazon
1176,Home_Product_1176,Home,Home_B,14063,123,Puma
1177,Books_Product_1177,Books,Books_C,25896,7175,Flipkart
1178,Books_Product_1178,Books,Books_C,2421,15223,Boat
1179,Grocery_Product_1179,Grocery,Grocery_B,3868,11707,Tata
1180,Sports_Product_1180,Sports,Sports_B,21631,9826,Flipkart
1181,Electronics_Product_1181,Electronics,Electronics_A,23019,29219,Puma
1182,Clothing_Product_1182,Clothing,Clothing_B,23334,340,Tata
1183,Beauty_Product_1183,Beauty,Beauty_B,13046,2826,Boat
1184,Sports_Product_1184,Sports,Sports_A,27016,4108,Amazon
1185,Electronics_Product_1185,Electronics,Electronics_A,43133,8246,Reliance
1186,Beauty_Product_1186,Beauty,Beauty_B,24630,9856,Flipkart
1187,Beauty_Product_1187,Beauty,Beauty_A,35255,26642,Flipkart
1188,Electronics_Product_1188,Electronics,Electronics_B,43109,27554,Amazon
1189,Clothing_Product_1189,Clothing,Clothing_A,23282,24530,Amazon
1190,Electronics_Product_1190,Electronics,Electronics_B,46579,6553,Tata
1191,Clothing_Product_1191,Clothing,Clothing_B,2738,4430,Amazon
1192,Beauty_Product_1192,Beauty,Beauty_C,21806,29573,Tata
1193,Clothing_Product_1193,Clothing,Clothing_C,13141,15755,Puma
1194,Home_Product_1194,Home,Home_A,27696,16075,Boat
1195,Beauty_Product_1195,Beauty,Beauty_C,46913,4225,Flipkart
1196,Grocery_Product_1196,Grocery,Grocery_B,32989,23839,Puma
1197,Grocery_Product_1197,Grocery,Grocery_B,8712,3645,Tata
1198,Grocery_Product_1198,Grocery,Grocery_A,8365,5146,Flipkart
1199,Sports_Product_1199,Sports,Sports_A,44955,7799,Tata
1200,Books_Product_1200,Books,Books_B,28258,19615,Puma
